Date,AAPL,NVDA
2021-08-16,0.013457077907261531,-0.011859184292348428
2021-08-17,-0.006173024163725122,-0.024970890594818464
2021-08-18,-0.025831717587565965,-0.021716170118615662
2021-08-19,0.002320189875952487,0.03903875111950924
2021-08-20,0.010105691141449906,0.05014123748291491
2021-08-23,0.01020492576038047,0.05340925299885052
2021-08-24,-0.0006012412174334519,-0.007542605105511317
2021-08-25,-0.00845703190830703,0.019088979223699495
2021-08-26,-0.0055425347704007154,-0.006549132302358766
2021-08-27,0.0071587813682055385,0.02541295652896963
2021-08-30,0.02996378527286079,0.002294422291003625
2021-08-31,-0.008460424760778254,-0.013268543963039725
2021-09-01,0.004468600472644566,0.0024984588140090523
2021-09-02,0.00744702024697845,-0.0020071193982895323
2021-09-03,0.0042215474683399016,0.019762427503304057
2021-09-07,0.01537063316591455,-0.007955404858673997
2021-09-08,-0.010134522498807043,-0.014355393486945204
2021-09-09,-0.006727618179649748,-0.007278157314374217
2021-09-10,-0.03366222185321319,0.013481381505987792
2021-09-13,0.003885871408861875,-0.014609456062297159
2021-09-14,-0.009608308509470339,0.004054644906492171
2021-09-15,0.006124983585253571,0.004441185637574036
2021-09-16,-0.001611684824938855,-0.0044411856375741006
2021-09-17,-0.018518223335939003,-0.015495847819294325
2021-09-20,-0.021592597927150035,-0.03659722911237606
2021-09-21,0.0034222865743871902,0.006279116768232364
2021-09-22,0.016731469123657604,0.0321887271098272
2021-09-23,0.006696600110210304,0.024357785047228575
2021-09-24,0.0006129818669959495,-0.017997586970130104
2021-09-27,-0.010606220608828156,-0.019250252145158065
2021-09-28,-0.02408918121655185,-0.045381892668913175
2021-09-29,0.0064620402761589035,-0.008831741077750052
2021-09-30,-0.009355268108672892,0.009653000950530075
2021-10-01,0.008094447147750351,0.0012542909314192693
2021-10-04,-0.024913460923640527,-0.049919163002138604
2021-10-05,0.014058753109023645,0.03579001021937052
2021-10-06,0.006287605467045983,0.012102044254337396
2021-10-07,0.009043460549781234,0.0179538167760053
2021-10-08,-0.002725513163361671,-0.011645260393456727
2021-10-11,-0.0006300124759865439,-0.006550143960814969
2021-10-12,-0.00914474561602721,-0.0011601187510639182
2021-10-13,-0.004248758761578434,0.01288146087253252
2021-10-14,0.02002379964747182,0.03781626315083495
2021-10-15,0.007484153014549506,0.005320185010409018
2021-10-18,0.011737253311188476,0.01633288402281648
2021-10-19,0.01496744913876761,0.003055361643402426
2021-10-20,0.0033555919383765616,-0.008424875834037915
2021-10-21,0.0014726621535701885,0.026299224831606214
2021-10-22,-0.0052985496162878945,0.0014969951035337884
2021-10-25,-0.0003366321881096656,0.01917612050074493
2021-10-26,0.004564388961526475,0.0648055344947346
2021-10-27,-0.0031523246343744967,-0.010820042537463215
2021-10-28,0.024684255851975607,0.019841710457577044
2021-10-29,-0.018322464188356456,0.02478960192508899
2021-11-01,-0.00562321397511834,0.010118001820870484
2021-11-02,0.007090675614807356,0.02198144199612466
2021-11-03,0.009751181641737069,0.0074340023903922935
2021-11-04,-0.003504754252759863,0.1137061254143446
2021-11-05,0.0035760066993822124,-0.001645781478865058
2021-11-08,-0.005568320469598441,0.034748278407070045
2021-11-09,0.002456782130922432,-0.0047835167616913634
2021-11-10,-0.019349388622624437,-0.039861402010329054
2021-11-11,-0.0003378916701186782,0.03111404869286156
2021-11-12,0.014234877660724152,0.0
2021-11-15,6.675718638114549e-05,-0.012083422048023741
2021-11-16,0.006644623411396119,0.005910954592359896
2021-11-17,0.016355387054726386,-0.03168557711456829
2021-11-18,0.028136527661484046,0.07927202834996062
2021-11-19,0.016833727351304596,0.04052550706300812
2021-11-22,0.002922756990155468,-0.03169315565824763
2021-11-23,0.0024191377652605954,-0.0065932645647627085
2021-11-24,0.0032785647445950964,0.028813057788898994
2021-11-26,-0.0321912022553983,-0.03649699817211953
2021-11-29,0.02163798637463564,0.057754064521400465
2021-11-30,0.031089119793280787,-0.02119592458658
2021-12-01,-0.0032112470935468413,-0.03859658765829433
2021-12-02,-0.006148775292294206,0.021743802964715966
2021-12-03,-0.011793534464259833,-0.04563126003658422
2021-12-06,0.021274323930993516,-0.02160435755874942
2021-12-07,0.03483263779954179,0.07656113630856658
2021-12-08,0.022527620427636442,-0.018707619318746968
2021-12-09,-0.002974587578464277,-0.04288487122923027
2021-12-10,0.02762806283982562,-0.009623128984695325
2021-12-13,-0.020890683516443666,-0.06983763524921437
2021-12-14,-0.008055802008368676,0.006230390651658558
2021-12-15,0.028110360159717802,0.07221323911246094
2021-12-16,-0.040055497808922175,-0.07045037341129
2021-12-17,-0.006523116480244698,-0.020859150561120726
2021-12-20,-0.008155156269596417,-0.002953876737166931
2021-12-21,0.01890717974976049,0.04776048638660954
2021-12-22,0.015202716893920672,0.011115911250864146
2021-12-23,0.003637305943691765,0.008130006724599893
2021-12-27,0.022714721565124104,0.04308675626726188
2021-12-28,-0.005784001469710242,-0.020337801767538445
2021-12-29,0.0005020832115874595,-0.010642905779143366
2021-12-30,-0.00660021169697169,-0.013929418265117842
2021-12-31,-0.0035413906256888416,-0.005932362690385612
2022-01-03,0.024696597094948536,0.023853578878402882
2022-01-04,-0.012772998255467466,-0.027976232578742405
2022-01-05,-0.026959739414256105,-0.059285409916448255
2022-01-06,-0.016834299285328293,0.020580799606704163
2022-01-07,0.0009878306647501626,-0.03359817846405576
2022-01-10,0.0001160391774604869,0.005599628644609849
2022-01-11,0.016644587108675345,0.015104221031982492
2022-01-12,0.0025669697479428857,0.006521456703708744
2022-01-13,-0.019211556856618107,-0.05219780500338005
2022-01-14,0.005097764431221664,0.013715429956360927
2022-01-18,-0.01907470049612693,-0.039327561592755335
2022-01-19,-0.021249243458543274,-0.032806516880962845
2022-01-20,-0.010400808048186851,-0.03726801307633554
2022-01-21,-0.012847744643165583,-0.03266015224437379
2022-01-24,-0.004875810941825512,-8.546455105084515e-05
2022-01-25,-0.011449934467877978,-0.04587652520730721
2022-01-26,-0.0005634948407232755,0.019869606038278656
2022-01-27,-0.0029477235038653914,-0.03703818661027252
2022-01-28,0.06745102789704484,0.04001983427826963
2022-01-31,0.02579006540424882,0.06958811335014718
2022-02-01,-0.0009731618524062511,0.006188378141378008
2022-02-02,0.007019957525406131,0.02421940852903077
2022-02-03,-0.01686139080799842,-0.052624287590302486
2022-02-04,-0.0016805417387116145,0.015372941533214064
2022-02-07,-0.004243607444405816,0.016678383376926297
2022-02-08,0.018298226609657974,0.01525015950351562
2022-02-09,0.008259626741936086,0.061664142074915856
2022-02-10,-0.02388176863477257,-0.03354629725869151
2022-02-11,-0.020425570571995826,-0.0753776238539074
2022-02-14,0.0014222095768451684,0.013190710435224184
2022-02-15,0.022888271251181827,0.0878386299821778
2022-02-16,-0.0013899145668893576,0.0006037636758044283
2022-02-17,-0.021498356684292463,-0.0786009162852057
2022-02-18,-0.009400082786221382,-0.035934163896727996
2022-02-22,-0.01797263740568715,-0.01071600683681676
2022-02-23,-0.026204495641498,-0.04382824200104266
2022-02-24,0.016542384699404465,0.05901789406753179
2022-02-25,0.012882306478502753,0.017075757353719842
2022-02-28,0.0016363114934381947,0.009394058166651847
2022-03-01,-0.01169586857809147,-0.03794678221776486
2022-03-02,0.020379146357925183,0.031327726245161495
2022-03-03,-0.0019833331747803147,-0.02111303891174636
2022-03-04,-0.01857956724080708,-0.033357875060638295
2022-03-07,-0.02400333149164038,-0.07156249423279304
2022-03-08,-0.011744880541590577,0.007558687298202112
2022-03-09,0.03439885169816488,0.06739875242086518
2022-03-10,-0.027562568064887095,-0.015589782094882142
2022-03-11,-0.02419892607351974,-0.024935374088070422
2022-03-14,-0.026921781863768538,-0.035463165809767466
2022-03-15,0.02924542687287948,0.07420518939109627
2022-03-16,0.02860238754985357,0.06419032934734777
2022-03-17,0.006433526695329833,0.010961826318070194
2022-03-18,0.020703029672985433,0.06589770177553238
2022-03-21,0.008501435841896514,0.010566805800671174
2022-03-22,0.02058702544582748,-0.007886218357976652
2022-03-23,0.008200230666279703,-0.034130525567147456
2022-03-24,0.022424494998096175,0.0936277939389509
2022-03-25,0.003727183527724872,-0.01640368860424496
2022-03-28,0.005023973592679319,0.018851702145437996
2022-03-29,0.018953619498422832,0.015367387746147347
2022-03-30,-0.006671810100917725,-0.03429135338171132
2022-03-31,-0.017935770326864817,-0.014697635778053901
2022-04-01,-0.0017195000303235517,-0.021260724988849056
2022-04-04,0.0234171146358144,0.023969156942762148
2022-04-05,-0.01912380653728511,-0.05364304016851951
2022-04-06,-0.018623014991611897,-0.06056900195159693
2022-04-07,0.0018023925831054013,-0.008187017995554774
2022-04-08,-0.011980264039867723,-0.04602831971740456
2022-04-11,-0.025847266285364403,-0.05339214375155699
2022-04-12,0.01145741351675542,-0.019023818963125678
2022-04-13,0.016210575209647096,0.031988415034650684
2022-04-14,-0.030446968105017527,-0.04349412258087716
2022-04-18,-0.0013318531059465127,0.024396809256249707
2022-04-19,0.014016392765008538,0.01887223360004281
2022-04-20,-0.0010160056247039049,-0.03278683808836732
2022-04-21,-0.004855454627723821,-0.06237480237074488
2022-04-22,-0.02821551234925292,-0.03365717642099991
2022-04-25,0.006714681274619463,0.019636833909612114
2022-04-26,-0.038042684871449,-0.057601991737252965
2022-04-27,-0.0014676886164702468,-0.020052739673608384
2022-04-28,0.04416538537744464,0.07160704335003393
2022-04-29,-0.037291444121042946,-0.06446442091165032
2022-05-02,0.0019645492831892046,0.05179730871294222
2022-05-03,0.009576676111374085,0.003526054546691081
2022-05-04,0.040189559921385364,0.036663008815917185
2022-05-05,-0.057328491944021724,-0.07610002661248047
2022-05-06,0.004716256724117719,-0.009008657889481105
2022-05-09,-0.033752499983284424,-0.09691797107541317
2022-05-10,0.01598355569677852,0.03734680176020106
2022-05-11,-0.05323334029942547,-0.05640630709055166
2022-05-12,-0.027262427766943917,-0.02774141501779899
2022-05-13,0.031417766665612454,0.09043656259715863
2022-05-16,-0.010729985242192118,-0.02528006213352575
2022-05-17,0.02510494539072157,0.05153367086069862
2022-05-18,-0.058073404484517775,-0.07059761183130286
2022-05-19,-0.02494988988447971,0.010921479917715277
2022-05-20,0.0017457421453240995,-0.025431482578755358
2022-05-23,0.03933542448997957,0.01214611273529208
2022-05-24,-0.0194028908213739,-0.04502790223478128
2022-05-25,0.0011389936003233115,0.0495739758456078
2022-05-26,0.02293458391068628,0.05031797006109454
2022-05-27,0.03994816682264766,0.052382177463386775
2022-05-31,-0.005360530986001685,-0.007416534062017967
2022-06-01,-0.0008737165096707534,-0.019031969707677673
2022-06-02,0.01667166441100405,0.06712802090927533
2022-06-03,-0.039318666544030594,-0.045529049230388925
2022-06-06,0.005213835160225671,0.0035194500534713605
2022-06-07,0.017433166972801065,0.00742496704922352
2022-06-08,-0.005056216212858624,-0.014586344308861075
2022-06-09,-0.03661811842128513,-0.03270414316805044
2022-06-10,-0.039394241313645696,-0.06135207630778859
2022-06-13,-0.03903701418329081,-0.08140362018348377
2022-06-14,0.006650093864477444,0.012006674189691507
2022-06-15,0.019912169517524517,0.042709463808715105
2022-06-16,-0.04045897283748144,-0.05766020896832736
2022-06-17,0.0114670884952583,0.017725395373176536
2022-06-21,0.032235297665768055,0.04229196803779852
2022-06-22,-0.0038341520897917473,-0.012513034374541383
2022-06-23,0.02134409977162379,-0.008286077267114474
2022-06-24,0.02422171139162425,0.05404443866291938
2022-06-27,0.0,-0.015120275748579751
2022-06-28,-0.030242606980286878,-0.05401430468071949
2022-06-29,0.012939807709479643,-0.027917106119785706
2022-06-30,-0.018192286630764984,-0.024951701289845567
2022-07-01,0.01603528559400632,-0.042860884901991296
2022-07-05,0.018753535944590224,0.02991386368667235
2022-07-06,0.009561302125212305,0.0110323560940415
2022-07-07,0.023716092313628014,0.046994395129531366
2022-07-08,0.004703777087604931,-0.0012619010142221744
2022-07-11,-0.014868043532131668,-0.044279536481298454
2022-07-12,0.006810571427895863,-0.004630739706638589
2022-07-13,-0.0025399388642693543,0.0054222699583178526
2022-07-14,0.020275557180762408,0.013623477214686175
2022-07-15,0.011385003484416416,0.02505434147266255
2022-07-18,-0.020859221595824016,0.021279275465025508
2022-07-19,0.02637112546755081,0.0538615739518497
2022-07-20,0.013419432795646353,0.046848799520365414
2022-07-21,0.014981301212421973,0.013553912642107117
2022-07-22,-0.008143728256163833,-0.04134125414697513
2022-07-25,-0.0074259104504482455,-0.01718007645267282
2022-07-26,-0.008865517706275148,-0.029265644707558713
2022-07-27,0.033661854201664745,0.073278057085411
2022-07-28,0.0035653988938144283,0.01084594137722869
2022-07-29,0.03226688267857908,0.009904006412768373
2022-08-01,-0.006172771851971801,0.015189728930396065
2022-08-02,-0.00933070770265882,0.0045987978002005
2022-08-03,0.03753462548182935,0.019616435953961925
2022-08-04,-0.0019284256628686737,0.016899606239883725
2022-08-05,-0.0013897002253068116,-0.01183115508685275
2022-08-08,-0.0029073003502140212,-0.06505490405514139
2022-08-09,0.00030331706927860797,-0.040545889043415086
2022-08-10,0.02585721614742234,0.05748702212638623
2022-08-11,-0.004441324977752091,-0.008601882180263296
2022-08-12,0.021199282098294508,0.04186029959833531
2022-08-15,0.006313525180052819,0.017116963828323117
2022-08-16,-0.0009241943007836868,-0.00807158320522902
2022-08-17,0.008746084952725587,-0.02923807976218753
2022-08-18,-0.0022942328495359297,0.023607824510187093
2022-08-19,-0.015217056624237828,-0.05047218899125282
2022-08-22,-0.023298754830723613,-0.04673605199922607
2022-08-23,-0.0020311349681963057,0.008592666861024823
2022-08-24,0.0017925121014040082,0.002383259124244522
2022-08-25,0.01481242560301833,0.03933918387532145
2022-08-26,-0.03842836490406778,-0.09681841137777836
2022-08-29,-0.013784695022773866,-0.02863506040489669
2022-08-30,-0.015423741587547238,-0.021299789560488745
2022-08-31,-0.010691964814194432,-0.024476143597519325
2022-09-01,0.004695808312557326,-0.07974996903168183
2022-09-02,-0.013704693787172978,-0.021027514462363086
2022-09-06,-0.008249110162077238,-0.013426098929166266
2022-09-07,0.009211456144862448,0.01862060391526536
2022-09-08,-0.009664383343099433,0.019925684249498282
2022-09-09,0.018664444491047556,0.027982064258502647
2022-09-12,0.03778490355910465,0.008168392816794101
2022-09-13,-0.06047144297276838,-0.0995174716418818
2022-09-14,0.009509941164338528,-0.0002283510175732506
2022-09-15,-0.019111190338178683,-0.01527466832063121
2022-09-16,-0.011020894784916883,0.02059248245067717
2022-09-19,0.02477355249516488,0.013845289653436448
2022-09-20,0.015544035495353969,-0.01551355330550156
2022-09-21,-0.020475919894561066,0.006430431719868019
2022-09-22,-0.006395584846473733,-0.05423072768778623
2022-09-23,-0.015239470990464889,-0.003589006270695447
2022-09-26,0.002257922588802159,-0.023279323279289634
2022-09-27,0.006544694111858258,0.015016062533731668
2022-09-28,-0.012732287741159623,0.025688110654193297
2022-09-29,-0.05036635625406168,-0.04135855547445908
2022-09-30,-0.030499967574042133,-0.006650647714273753
2022-10-03,0.030289433579122376,0.03026478265561291
2022-10-04,0.025300214158785046,0.051025423481536596
2022-10-05,0.0020511730163031015,0.003184910921857183
2022-10-06,-0.006647762494904031,-0.005998820755071701
2022-10-07,-0.03740971623889816,-0.08367953863385265
2022-10-10,0.002353031780119282,-0.03419861384768111
2022-10-11,-0.010307964426400383,-0.007223921441272281
2022-10-12,-0.0046155841444603584,-0.00745047018272772
2022-10-13,0.0330601079947868,0.03922075152269102
2022-10-14,-0.03277125493785941,-0.06324623281691288
2022-10-17,0.02870682867849815,0.057207878347400425
2022-10-18,0.00936552954541418,0.006623236940915075
2022-10-19,0.0007649450655981853,0.006994812822635423
2022-10-20,-0.003272559861261173,0.011796646050067288
2022-10-21,0.026699572723402176,0.022060787756703306
2022-10-24,0.014694289178047583,0.01061251992391112
2022-10-25,0.019153024339742666,0.0512099344927672
2022-10-26,-0.01982247138682182,-0.027910281007000364
2022-10-27,-0.03093890490346477,0.021479849287132566
2022-10-28,0.07283432192087529,0.04873225001611362
2022-10-31,-0.015530144298728545,-0.024661716677385915
2022-11-01,-0.017698462920998914,0.003402211057387457
2022-11-02,-0.038018408350174476,-0.024214570251434652
2022-11-03,-0.04333039032555278,0.015165263535423208
2022-11-04,-0.0019495370349285211,0.05331806379731772
2022-11-07,0.0038943863755043356,0.010190994419960691
2022-11-08,0.004166785656254403,0.020829034461782525
2022-11-09,-0.03375329213828569,-0.05823072888382815
2022-11-10,0.0852363936395194,0.13391263170470558
2022-11-11,0.019085608966393577,0.035979543259819904
2022-11-14,-0.009530894237711696,-0.001961545878330631
2022-11-15,0.011799580411740543,0.022512289553910048
2022-11-16,-0.008365963680432806,-0.0464229540360937
2022-11-17,0.012887953357595724,-0.014753100443859014
2022-11-18,0.0037747702435231086,-0.017242877092707682
2022-11-21,-0.02191894022013088,-0.005988525155385661
2022-11-22,0.014554814759154806,0.04599745345533577
2022-11-23,0.0059087096213808876,0.02955015053535115
2022-11-25,-0.019788193211309434,-0.01518796919668775
2022-11-28,-0.026615284544619425,-0.027605774754035865
2022-11-29,-0.021375011481762057,-0.011949310226368057
2022-11-30,0.047450214468177716,0.07916161477801598
2022-12-01,0.0018895866598639373,0.01244944127143799
2022-12-02,-0.0033769734428968252,-0.015230487979342648
2022-12-05,-0.008015220011544687,-0.015887751177294223
2022-12-06,-0.02569748611013693,-0.03822900286182415
2022-12-07,-0.0138808070812411,0.008284880069598155
2022-12-08,0.01206010113921999,0.06304460864564469
2022-12-09,-0.0034411657041544252,-0.009833255374702358
2022-12-12,0.0162572133748642,0.03092692920775533
2022-12-13,0.00675947078057378,0.030164737298414065
2022-12-14,-0.015657683445048025,-0.02226882243343111
2022-12-15,-0.04798757561443382,-0.04170905889261478
2022-12-16,-0.014686229117006558,-0.022731540700497658
2022-12-19,-0.016037326104168845,-0.019315400479687793
2022-12-20,-0.0005291869487202654,-0.010451607669176634
2022-12-21,0.02353081955956516,0.025533558665630684
2022-12-22,-0.02405958196200118,-0.07302226693474782
2022-12-23,-0.0028023006245279144,-0.008708491754222891
2022-12-27,-0.013975711044137515,-0.07402705999188429
2022-12-28,-0.03116574457289243,-0.006037569066522561
2022-12-29,0.02793048434222613,0.03960136720460153
2022-12-30,0.002465931787383386,0.0007533288736745229
2023-01-03,-0.038122072978566526,-0.020672422752437514
2023-01-04,0.01026140715126542,0.029867542179183384
2023-01-05,-0.010661407640996098,-0.03336619098273728
2023-01-06,0.03613324923115618,0.04079654389817532
2023-01-09,0.004080781028273351,0.050458487347700746
2023-01-10,0.004446458981510042,0.017820894243409262
2023-01-11,0.020892509444223287,0.005766106829227991
2023-01-12,-0.0005994824798909022,0.03137577317680105
2023-01-13,0.010068312752246327,0.023227763235742556
2023-01-17,0.008717923609002315,0.04642296570135061
2023-01-18,-0.005384106052416956,-0.018529933324398982
2023-01-19,0.0004436321660482487,-0.03585446019772796
2023-01-20,0.019038368415460128,0.06209402933545041
2023-01-23,0.023228398693037604,0.073158234138995
2023-01-24,0.010012866023126041,0.0037442455804437636
2023-01-25,-0.004711834927173565,0.003006387265764674
2023-01-26,0.01469480912394362,0.024486731787456893
2023-01-27,0.013591689578404767,0.028034919574865202
2023-01-30,-0.020282512502550948,-0.060888573402724425
2023-01-31,0.008980435610146113,0.019381135886333355
2023-02-01,0.007869826865199398,0.06949400932864842
2023-02-02,0.036392141800553134,0.035922530468610825
2023-02-03,0.02410690046955092,-0.028453925904083414
2023-02-06,-0.018091443789421534,-0.0005212470827322425
2023-02-07,0.01906184551017092,0.05012364591769928
2023-02-08,-0.017810351436069342,0.00144215448722619
2023-02-09,-0.00693562234255841,0.005926957504585153
2023-02-10,0.002453332946187176,-0.04918190778653554
2023-02-13,0.018632087008497517,0.024296680239562968
2023-02-14,-0.004234017861005668,0.052873311635046986
2023-02-15,0.01380761398516171,-0.009052377436173757
2023-02-16,-0.010483996940849977,-0.0340467505845411
2023-02-17,-0.007575231445257088,-0.028303416162159832
2023-02-21,-0.027042121571969033,-0.0348725881244132
2023-02-22,0.0028916633727857377,0.0047817222137605695
2023-02-23,0.00328510601478114,0.13121584069445724
2023-02-24,-0.018169130115805048,-0.016102789124891093
2023-02-27,0.008213535635269305,0.009190896059950295
2023-02-28,-0.003453727370708061,-0.012201538838107031
2023-03-01,-0.014348683135684721,-0.022564962107522304
2023-03-02,0.0041208120259956064,0.026777443451784625
2023-03-03,0.03448834852577118,0.02440573364848939
2023-03-06,0.018369591934762626,-0.014164045892132427
2023-03-07,-0.014602557534204341,-0.011187679278363918
2023-03-08,0.008342514370302003,0.037629030904135184
2023-03-09,-0.015026983145994545,-0.031293833255164105
2023-03-10,-0.013975979028394881,-0.02030222948884491
2023-03-13,0.013178920017380332,4.352573247407143e-05
2023-03-14,0.013990518963783923,0.04666059315507536
2023-03-15,0.0026181750465224933,0.006833646808043981
2023-03-16,0.018521620887045776,0.05277597088147242
2023-03-17,-0.0054690590582473645,0.007178392262409056
2023-03-20,0.015365403905300808,0.006779721121332011
2023-03-21,0.011873136896259318,0.011478190178556117
2023-03-22,-0.009145221701288021,0.010215091764737965
2023-03-23,0.006945490592882952,0.026949719338055737
2023-03-24,0.008271118774076203,-0.015268083115421195
2023-03-27,-0.012369523835398423,-0.009304196299616029
2023-03-28,-0.00398837033852814,-0.004570921120857159
2023-03-29,0.019597741745750925,0.021501290284743922
2023-03-30,0.009841105422099681,0.014678244330999535
2023-03-31,0.015523136112060701,0.014285991403648451
2023-04-03,0.007672037100234898,0.006745297591354684
2023-04-04,-0.003254702237325895,-0.018478221208183453
2023-04-05,-0.01135462763509388,-0.02105575700463894
2023-04-06,0.005481032133890642,0.0057867607427914795
2023-04-10,-0.01610136223927873,0.019848087250358352
2023-04-11,-0.0076200873001643285,-0.014977931383860443
2023-04-12,-0.0043624907944383885,-0.02512068579837931
2023-04-13,0.03353481344230556,-0.0012084427884412293
2023-04-14,-0.0021163904042466506,0.011086087186755456
2023-04-17,0.00012107878395370987,0.009077277530755533
2023-04-18,0.0074769066379499136,0.02432952697282363
2023-04-19,0.006943808987830828,0.009496704835055757
2023-04-20,-0.005863425430411187,-0.03005577111116234
2023-04-21,-0.00982906726883019,0.0005532554691736001
2023-04-24,0.0018767635955913326,-0.0028434106778428936
2023-04-25,-0.009480408184072201,-0.030068156597162735
2023-04-26,-6.117196008041491e-05,0.02688288209796113
2023-04-27,0.027999590827550356,0.009966568919926285
2023-04-28,0.0075127353486417895,0.019027529501060524
2023-05-01,-0.0005303996743389771,0.04098767904147444
2023-05-02,-0.006210528956212624,-0.0245112905360055
2023-05-03,-0.006488615296771172,-0.01456839452287012
2023-05-04,-0.009962762839257856,-0.008669915133445547
2023-05-05,0.045859167954307056,0.03976194936512159
2023-05-08,-0.00040338097064225364,0.016289266350042013
2023-05-09,-0.01002121367203433,-0.020097039466270013
2023-05-10,0.010367055336121922,0.010930188844400685
2023-05-11,0.0010940198592504283,-0.010685248709701743
2023-05-12,-0.005432391545250634,-0.008362953895759728
2023-05-15,-0.002901479590909871,0.021399560411344967
2023-05-16,0.0,0.008940071392241108
2023-05-17,0.003596705756688043,0.03249930394872191
2023-05-18,0.013573547737906517,0.04850927017399385
2023-05-19,0.0006281797493954509,-0.01315517056687745
2023-05-22,-0.005495752930277322,-0.0028187156205004924
2023-05-23,-0.01527100344319477,-0.015776828454352878
2023-05-24,0.0016307706453474616,-0.004899940749659163
2023-05-25,0.006669853901394691,0.21808794757707545
2023-05-26,0.014006388727296789,0.025116307548331218
2023-05-30,0.010602949402227547,0.029474499835695164
2023-05-31,-0.00028181074332688866,-0.05844237816571853
2023-06-01,0.01589557144006805,0.04990463227211176
2023-06-02,0.00476386519365613,-0.011201650834913462
2023-06-05,-0.00759981138143168,-0.003974265596378975
2023-06-06,-0.0020625340872125484,-0.013286516698421551
2023-06-07,-0.0077865691111719286,-0.03087290012887211
2023-06-08,0.015346696959783758,0.027244053739862623
2023-06-09,0.002157587598692166,0.006728811203152251
2023-06-12,0.015517778735450129,0.018198154678512685
2023-06-13,-0.002615123248858998,0.038263367686734794
2023-06-14,0.0034853134544673755,0.04702213259616496
2023-06-15,0.011136291664824648,-0.008032804700958657
2023-06-16,-0.005876975852876572,0.0009137819400342302
2023-06-20,0.0004866051400874725,0.02580491185023757
2023-06-21,-0.005691538153015268,-0.017570372220895084
2023-06-22,0.016390297411585722,-0.00046476592483366203
2023-06-23,-0.0017128815568114956,-0.019147731083475786
2023-06-26,-0.007581476719695966,-0.038077598708820375
2023-06-27,0.014946826446321336,0.030156930300067553
2023-06-28,0.00630772010420231,-0.018291261722283098
2023-06-29,0.0017948519217904466,-0.0072003115064607215
2023-06-30,0.022839648746159718,0.03561323055102536
2023-07-03,-0.007814999043449823,0.0026202452689849075
2023-07-05,-0.005888742935503582,-0.00226576148814522
2023-07-06,0.0025056421554831435,-0.005069922487223224
2023-07-07,-0.005908595527583171,0.009455419106873484
2023-07-10,-0.010915346207953647,-0.007628498735474131
2023-07-11,-0.002813875768751831,0.005320311346654949
2023-07-12,0.008945287311688713,0.03469354812265373
2023-07-13,0.004049482711061279,0.046181546391611296
2023-07-14,0.0007869153755524981,-0.011110559910388531
2023-07-17,0.017157615960308428,0.021582373286583734
2023-07-18,-0.0013413895392286707,0.021990117987934682
2023-07-19,0.0070469127470025525,-0.008818787706747575
2023-07-20,-0.010148849005130104,-0.033632886178811695
2023-07-21,-0.006180444151947687,-0.0269638780918954
2023-07-24,0.004211016626479372,0.0068151337092005335
2023-07-25,0.004503495289298074,0.023635808233428594
2023-07-26,0.004534740418769337,-0.004981934555605264
2023-07-27,-0.006602883859935594,0.009808529133904034
2023-07-28,0.01341767609946235,0.018348958500531077
2023-07-31,0.0031609283318646216,-0.00044927256463340504
2023-08-01,-0.004285194149661369,-0.004762215166417641
2023-08-02,-0.015611072752396631,-0.04931813404717864
2023-08-03,-0.007348592219320299,0.005541549868950718
2023-08-04,-0.04921120812574985,0.003699877804812402
2023-08-07,-0.017404606743195706,0.01636055188495466
2023-08-08,0.005297611233184125,-0.016718705299082058
2023-08-09,-0.008994332972150841,-0.048394179414964246
2023-08-10,-0.0012356317226461223,-0.00390825768930579
2023-08-11,0.0003375610273654757,-0.036836421208368816
2023-08-14,0.009349210750681628,0.06853113438457288
2023-08-15,-0.011263506863452207,0.004264831482069299
2023-08-16,-0.004971387534709133,-0.010386110209310163
2023-08-17,-0.014662107219556741,-0.0032706678001007032
2023-08-18,0.0028123019877300697,-0.0010386973219673962
2023-08-21,0.007706972631717557,0.08131563449041422
2023-08-22,0.007873797408870037,-0.028047397726088594
2023-08-23,0.021711554344302286,0.03121501835863597
2023-08-24,-0.026519099894972458,0.0009968937392223092
2023-08-25,0.01256381057268135,-0.024577038837426245
2023-08-28,0.008807185215078717,0.01759814302303782
2023-08-29,0.02157591440327658,0.04077142542276707
2023-08-30,0.018990897618777522,0.009791321397258452
2023-08-31,0.0011717483022735352,0.0018456631760065984
2023-09-01,0.008427546683912926,-0.017289914962230465
2023-09-05,0.0012659771737215837,0.0008036721727516644
2023-09-06,-0.03644963081900626,-0.03102591878709112
2023-09-07,-0.029685584732805678,-0.01757763209026281
2023-09-08,0.003485599957546072,-0.014573625556674963
2023-09-11,0.0066007268579242355,-0.008683131593631654
2023-09-12,-0.01720760451787861,-0.006840907133402594
2023-09-13,-0.011925758192252865,0.0136133201020457
2023-09-14,0.008744071772557696,0.002108196982149009
2023-09-15,-0.00416261587279238,-0.037576514722444956
2023-09-18,0.016771893004212116,0.0015021759056659438
2023-09-19,0.0061618297348331455,-0.010196048589873698
2023-09-20,-0.020194731916476267,-0.029876535752662116
2023-09-21,-0.008929154756014223,-0.029357493018546243
2023-09-22,0.0049323479009795055,0.014354100540378476
2023-09-25,0.0073531606611678705,0.014600672328925762
2023-09-26,-0.023676442355258027,-0.007393002384802654
2023-09-27,-0.008937325407419396,0.01320250148085255
2023-09-28,0.0015244833544491984,0.014516957401888275
2023-09-29,0.0030418315682211616,0.009470301918098742
2023-10-02,0.014726514640220234,0.02906828179425344
2023-10-03,-0.007800040976067183,-0.028654723361416643
2023-10-04,0.007282235526507617,0.011969555124602606
2023-10-05,0.007171940961051711,0.014583960181534213
2023-10-06,0.014642666524656135,0.02374900846922005
2023-10-09,0.008415827297845273,-0.01074324763659964
2023-10-10,-0.003357957941980796,0.011529482802143247
2023-10-11,0.007873074589558854,0.021771134301524983
2023-10-12,0.0050483355561154195,0.002965371693969685
2023-10-13,-0.0103459591136787,-0.03212202700836138
2023-10-16,-0.0007272178702085284,0.013849766997722324
2023-10-17,-0.008823462674853953,-0.047924957293377736
2023-10-18,-0.007422384589075485,-0.0404542516548368
2023-10-19,-0.0021632749471028035,-0.0022538179621799364
2023-10-20,-0.014813603181065359,-0.0171046442887103
2023-10-23,0.0006941171394292997,0.037651681293458736
2023-10-24,0.002539852602634766,0.015882489410304346
2023-10-25,-0.01358337759211813,-0.044107181300185136
2023-10-26,-0.024913295742491997,-0.03539739936644215
2023-10-27,0.007937667091037437,0.00430535155361342
2023-10-30,0.012230202455180745,0.016189463953825704
2023-10-31,0.0028150735247418276,-0.00929954467696021
2023-11-01,0.018564921440150588,0.03718640624034473
2023-11-02,0.020482184465410332,0.027520699096319858
2023-11-03,-0.005194651762657538,0.03387480816711115
2023-11-06,0.014499478197054964,0.01643994706388793
2023-11-07,0.01434736335058162,0.00444910767329732
2023-11-08,0.005867798513355199,0.013379707447339148
2023-11-09,-0.0026280211568915075,0.008040629642385897
2023-11-10,0.02295464505678642,0.02907278417930273
2023-11-13,-0.008620941402052853,0.005879118318101852
2023-11-14,0.01418470915081844,0.021084223833207898
2023-11-15,0.0030363931135594597,-0.015587207223274035
2023-11-16,0.009001496004556396,0.012036481609528334
2023-11-17,-0.00010551651933588925,-0.0036848520577503025
2023-11-20,0.009235591741885945,0.022286089984376964
2023-11-21,-0.004239944179650009,-0.009267507943321877
2023-11-22,0.003508377261896087,-0.024894675942124102
2023-11-24,-0.007029187884567711,-0.019484136001577862
2023-11-27,-0.0009478539156924094,0.0097066191082429
2023-11-28,0.0032090507792445037,-0.008765207927905397
2023-11-29,-0.00542450911619023,0.0066487006234172506
2023-11-30,0.0030583466775506887,-0.028871497078278515
2023-12-01,0.006768290348693712,-0.00010680729828428476
2023-12-04,-0.009509749133407148,-0.027202965251920026
2023-12-05,0.020844421382043905,0.023026423720116516
2023-12-06,-0.005703315034779163,-0.023092516149689372
2023-12-07,0.010088376988500552,0.02373644351012513
2023-12-08,0.007384935851769961,0.01934141810654601
2023-12-11,-0.013011575974759111,-0.018676267850755438
2023-12-12,0.007889006103136477,0.02184973182242519
2023-12-13,0.016553671759696766,0.009003253662036172
2023-12-14,0.0007572862841533556,0.005433487232831008
2023-12-15,-0.00272923142443823,0.0111066080348596
2023-12-18,-0.008539724673659191,0.023988805380990793
2023-12-19,0.00534583852999859,-0.0094903383653368
2023-12-20,-0.010771935037848433,-0.03056059451434654
2023-12-21,-0.0007700402554030173,0.018105455365924963
2023-12-22,-0.005563140008242538,-0.003271347338086994
2023-12-26,-0.0028449803155439395,0.009153085878716952
2023-12-27,0.0005178933462643022,0.002796569725307487
2023-12-28,0.0022237704737837764,0.002122498976251728
2023-12-29,-0.005438720468900398,0.0
2024-01-02,-0.03644272428671069,-0.02772217938517641
2024-01-03,-0.007515881569362826,-0.012513560734434232
2024-01-04,-0.012781376740128464,0.008978036193736055
2024-01-05,-0.004021128351702221,0.02263850656468996
2024-01-08,0.023887413023177224,0.06229956111857908
2024-01-09,-0.0022661018791877226,0.016832550385711867
2024-01-10,0.005655364828881719,0.022514713366797674
2024-01-11,-0.0032277196910586114,0.008646859978975924
2024-01-12,0.0017765017109557587,-0.0020450629773202857
2024-01-16,-0.012393459622292288,0.03010358334723954
2024-01-17,-0.005187018048399813,-0.005852262783975594
2024-01-18,0.032051479512671885,0.018628992332853627
2024-01-19,0.015413679797472787,0.040898310077154165
2024-01-22,0.012089779691922941,0.0027361855152065275
2024-01-23,0.00663136799713023,0.0036645326835693854
2024-01-24,-0.0034899899163595175,0.024564918970044727
2024-01-25,-0.0016983064931156762,0.004147172754075872
2024-01-26,-0.009053532819282615,-0.009555948072321678
2024-01-29,-0.0035921752882299126,0.023224498857301285
2024-01-30,-0.019433580974213757,0.00493446720609609
2024-01-31,-0.019547332496191797,-0.02006477753128398
2024-02-01,0.013252301999564543,0.02408720567713912
2024-02-02,-0.005419768296059534,0.04851284515672957
2024-02-05,0.009798460106442489,0.046830318121665195
2024-02-06,0.008594710452979912,-0.016124705379762294
2024-02-07,0.0005808273237116142,0.02712680050884297
2024-02-08,-0.005771184431144394,-0.006555113052331649
2024-02-09,0.004085683373415736,0.03515838868622939
2024-02-12,-0.009042718309197501,0.0015927392091596181
2024-02-13,-0.011338605888330024,-0.0016622490324832567
2024-02-14,-0.0048212053539216735,0.02427056284852564
2024-02-15,-0.001576003894679398,-0.01694937003100777
2024-02-16,-0.00846603428352563,-0.0006196607532090814
2024-02-20,-0.004122446995249206,-0.04450805699591645
2024-02-21,0.004177187759038624,-0.028923161688048253
2024-02-22,0.011181226150571169,0.15187006917276327
2024-02-23,-0.01008475785294673,0.0035459114763036195
2024-02-26,-0.00747915528497586,0.0034830374886139813
2024-02-27,0.008081713454884384,-0.004955849044167251
2024-02-28,-0.00664742847757577,-0.013276876002283031
2024-02-29,-0.0037000430598350567,0.018485680192899895
2024-03-01,-0.006048694775937663,0.03925120035521238
2024-03-04,-0.025708900920861096,0.03531969922037924
2024-03-05,-0.028853195864617456,0.008540000507930237
2024-03-06,-0.0058955249306707255,0.03133124288282483
2024-03-07,-0.0007097605693269402,0.04377410991099085
2024-03-08,0.01018440961055886,-0.05707525641808402
2024-03-11,0.01176209467547539,-0.020242711332396086
2024-03-12,0.002774725313253014,0.0691264614312576
2024-03-13,-0.012196562324443806,-0.011214522528197293
2024-03-14,0.010868119444109568,-0.03292761343754892
2024-03-15,-0.0021990266416958824,-0.0012175565802233694
2024-03-18,0.006352322998878337,0.00701116197108306
2024-03-19,0.013493537309247622,0.010604415991560796
2024-03-20,0.014602198157612486,0.010836293315907939
2024-03-21,-0.041715873062896085,0.011693529265000476
2024-03-22,0.005296312578574351,0.030736342096140016
2024-03-25,-0.008335186876367525,0.0075333384261293615
2024-03-26,-0.006694758509388221,-0.02602997359378439
2024-03-27,0.020990771882213387,-0.02528427949692873
2024-03-28,-0.010615298586031502,0.00117385726173821
2024-04-01,-0.008491802797338974,7.747518197212624e-05
2024-04-02,-0.007023297623684576,-0.01013278094981253
2024-04-03,0.0047859071639981595,-0.005470320188188814
2024-04-04,-0.004904316066439356,-0.034989792540901454
2024-04-05,0.004491711983662955,0.024185663970657318
2024-04-08,-0.006685908307825712,-0.009992131196841723
2024-04-09,0.007216523859308291,-0.02062835080327795
2024-04-10,-0.01120174948430704,0.01954908808289071
2024-04-11,0.042360885059708676,0.040274367054479655
2024-04-12,0.008589675062117311,-0.027182603322520177
2024-04-15,-0.022106136851222192,-0.02508915976387196
2024-04-16,-0.01935329222788781,0.01630791276045843
2024-04-17,-0.008180880986731578,-0.03943342232023164
2024-04-18,-0.005730667321467817,0.007539618161553872
2024-04-19,-0.012287674581296345,-0.10541162547707279
2024-04-22,0.005077940381368009,0.04262198857380808
2024-04-23,0.006371268959676161,0.03588117058350522
2024-04-24,0.012622219333059393,-0.03388337472372501
2024-04-25,0.005134167764523657,0.036415890625669085
2024-04-26,-0.0034789470778134883,0.05992406735707725
2024-04-29,0.024505234733129967,0.00025049696690850087
2024-04-30,-0.018439531851529058,-0.01556074101965267
2024-05-01,-0.006065702881600929,-0.03967654583653752
2024-05-02,0.021792780788157683,0.032882814434444955
2024-05-03,0.05809561455928042,0.03404564131111777
2024-05-06,-0.009148589144580476,0.03704626407254583
2024-05-07,0.0037900522301683613,-0.01736262781212436
2024-05-08,0.0018623044469340325,-0.001569349728782434
2024-05-09,0.009964623668266058,-0.018587557962235945
2024-05-10,-0.006914219551808489,0.012663627228489006
2024-05-13,0.017491618853639736,0.005780133546877111
2024-05-14,0.00615446117401826,0.010530737946126913
2024-05-15,0.012143992297898915,0.035210633970043585
2024-05-16,0.0006321436991595893,-0.002867962239452061
2024-05-17,0.0001579735061347451,-0.020125173419854748
2024-05-20,0.0061433558877639904,0.02457693408928531
2024-05-21,0.0068337574259534255,0.006373366888694235
2024-05-22,-0.007566904780225766,-0.004581486905525195
2024-05-23,-0.021282941098384654,0.08910601969934723
2024-05-24,0.01645199858893079,0.02539754848831563
2024-05-28,5.2702879340808025e-05,0.0674756967269194
2024-05-29,0.001577853350296771,0.008079493340152953
2024-05-30,0.005241119578484386,-0.03839363795195854
2024-05-31,0.0050061281328925575,-0.00787708952691159
2024-06-03,0.009216289759278053,0.047793693925233124
2024-06-04,0.0016477519795755277,0.012418286408971965
2024-06-05,0.007790585623260226,0.050270761398447154
2024-06-06,-0.007121931457146462,-0.011847077535230635
2024-06-07,0.01231583474525058,-0.0009095817991894014
2024-06-10,-0.01933353737086446,0.007433771678065075
2024-06-11,0.07013156159779273,-0.007169544981148487
2024-06-12,0.028177600575096405,0.034865951154620184
2024-06-13,0.005476123916850362,0.034617459354317794
2024-06-14,-0.008201947993671077,0.017362485298583974
2024-06-17,0.01948054163400817,-0.0068478547552668426
2024-06-18,-0.011045299520206555,0.03451739882064193
2024-06-20,-0.02174758988920808,-0.03604544268793313
2024-06-21,-0.010499439860182879,-0.032721060319442094
2024-06-24,0.0031276977963470265,-0.06917909277852484
2024-06-25,0.004458269202855781,0.06537951759862026
2024-06-26,0.019796074104215307,0.0024555767814349967
2024-06-27,0.003978037396068614,-0.019250580909539034
2024-06-28,-0.016387720308339297,-0.0036358438127209523
2024-07-01,0.02868910136995925,0.006133019884037028
2024-07-02,0.016109416412326223,-0.01320024896538676
2024-07-03,0.00579430093869223,0.04471749426194783
2024-07-05,0.021389837283885046,-0.019283465574093748
2024-07-08,0.0065175889488597065,0.01865960573752643
2024-07-09,0.003767952803623479,0.024502455400524207
2024-07-10,0.01862883983851886,0.026513955094146925
2024-07-11,-0.023494665080174993,-0.057276028990051124
2024-07-12,0.012966496983030165,0.014339477332842318
2024-07-15,0.016604652386522947,-0.006209445718411868
2024-07-16,0.0017902568375297656,-0.01632688422800776
2024-07-17,-0.02562140809738045,-0.06853520281772824
2024-07-18,-0.020748631717372835,0.025934286497518878
2024-07-19,0.0005798443828857829,-0.026442844173509495
2024-07-22,-0.0015616268336422258,0.046473826258645386
2024-07-23,0.004677378071774107,-0.007719691167285854
2024-07-24,-0.029175908903461077,-0.07045638269596341
2024-07-25,-0.004815976613997114,-0.017393282313698747
2024-07-26,0.0021586109225271155,0.0069229047981932785
2024-07-29,0.0012837576077404757,-0.013087294366159654
2024-07-30,0.002562722474619635,-0.0730399564137958
2024-07-31,0.014879512045710383,0.12055345934994556
2024-08-01,-0.01689246608699164,-0.06907223864812448
2024-08-02,0.0068458485298469925,-0.01792359591574375
2024-08-05,-0.049365624130136065,-0.06568899979458936
2024-08-06,-0.009796066266792195,0.037131918580653754
2024-08-07,0.012420769017557594,-0.052581531802482595
2024-08-08,0.016496343436012695,0.05946415297809768
2024-08-09,0.013642514354231203,-0.0020979349489128204
2024-08-12,0.007104649107809965,0.039954827464121226
2024-08-13,0.017047022303554447,0.06326487254396825
2024-08-14,0.0020316111852965927,0.016566049834478506
2024-08-15,0.013439859306690529,0.039683122515133014
2024-08-16,0.005900976726473976,0.01390265379007325
2024-08-19,-0.0007080060400684138,0.04258623643245473
2024-08-20,0.002740854475165775,-0.021380684154601863
2024-08-21,-0.00048580512383888334,0.00977528442341548
2024-08-22,-0.008293905650176068,-0.03774636883924503
2024-08-23,0.010235576050047969,0.04449380296440854
2024-08-26,0.0014977052099940057,-0.022750351893760692
2024-08-27,0.003734512406931244,0.014445360424479387
2024-08-28,-0.006776257676358744,-0.02118949139720624
2024-08-29,0.014464874302970153,-0.0659779535568838
2024-08-30,-0.0034436478079267765,0.015023963959736805
2024-09-03,-0.027582276894919194,-0.10009673083171995
2024-09-04,-0.008656092785851702,-0.016712974927910643
2024-09-05,0.006903805232278846,0.009371239226443418
2024-09-06,-0.007039669307100132,-0.04171226689654674
2024-09-09,0.0004076065100846429,0.03478611417986346
2024-09-10,-0.0036280366741914686,0.015193270603914196
2024-09-11,0.01151856210593427,0.07834781406981556
2024-09-12,0.0004938249188456941,0.01898045349612208
2024-09-13,-0.001212683334389152,-0.00033581504277504576
2024-09-16,-0.02816826695714237,-0.019671677448674374
2024-09-17,0.0021703221171454705,-0.010242353155008049
2024-09-18,0.01782971359151873,-0.01939264921861312
2024-09-19,0.03639521044952233,0.038925528491873085
2024-09-20,-0.002931661591744577,-0.015992114455583486
2024-09-23,-0.007609970254689849,0.002238834722853526
2024-09-24,0.003966154370516554,0.03888657411921158
2024-09-25,-0.0044078636375960685,0.021606582998743813
2024-09-26,0.0050675092395140045,0.0042819212266273655
2024-09-27,0.0011858073412984074,-0.021513262880287223
2024-09-30,0.02261430187247914,0.00032945386759180277
2024-10-01,-0.02957448728104889,-0.03724632883419643
2024-10-02,0.00251643468801256,0.015688200209863005
2024-10-03,-0.004906664917599665,0.03310190175919791
2024-10-04,0.004994862643933151,0.016709387424789935
2024-10-07,-0.02278843913924876,0.02216689405344154
2024-10-08,0.01823665559688628,0.03968134751193033
2024-10-09,0.016560453138165364,-0.0018076260383813859
2024-10-10,-0.002180567555697614,0.016152308494313056
2024-10-11,-0.006526560607963632,-7.414295172611436e-05
2024-10-14,0.016345492116142904,0.02396867098555324
2024-10-15,0.010964352355533486,-0.04799396256678926
2024-10-16,-0.008891363079077624,0.030826913631957806
2024-10-17,0.0015951243317844624,0.008876035725900778
2024-10-18,0.012201922560410961,0.007783824958979369
2024-10-21,0.006278016179111474,0.040543718902484184
2024-10-22,-0.002625213346389563,-0.0008353582993894612
2024-10-23,-0.021860208449520052,-0.028467502477342022
2024-10-24,-0.0008237359956150266,0.0060721312579055785
2024-10-25,0.0036366213708668117,0.008015632664506103
2024-10-28,0.008562642297747655,-0.007232379466956991
2024-10-29,0.0011561484786660446,0.005181364081521971
2024-10-30,-0.015395825994588717,-0.013614328493164187
2024-10-31,-0.018377316688460075,-0.04837398718567025
2024-11-01,-0.013368726304932684,0.01969024643907532
2024-11-04,-0.0040456012603549,0.004789223967948875
2024-11-05,0.006465321948490495,0.027976859409581868
2024-11-06,-0.003272339653004405,0.0399326220946718
2024-11-07,0.021146913161772897,0.022208754262588816
2024-11-08,-0.0011888463183105625,-0.008431654418616083
2024-11-11,-0.012101598319432652,-0.01618390385970431
2024-11-12,0.0,0.020644444675726698
2024-11-13,0.003961295804017756,-0.013715465442030582
2024-11-14,0.013676693608744048,0.0033443144811491085
2024-11-15,-0.01420983972870783,-0.033112362418931604
2024-11-18,0.01333295770713169,-0.012972950652628497
2024-11-19,0.0011394937845905326,0.04778748771881101
2024-11-20,0.0031491951985595495,-0.007647718415685755
2024-11-21,-0.002098226630137692,0.005332321832623484
2024-11-22,0.0058901189988250675,-0.03271035116354412
2024-11-25,0.012966393525867127,-0.04267292814880989
2024-11-26,0.009360456697545075,0.006594948696698715
2024-11-27,-0.0005531837802755922,-0.011606869458427782
2024-11-29,0.010163902799772924,0.02127370654114112
2024-12-02,0.009477471355949821,0.0027446713340882425
2024-12-03,0.012690991433997809,0.011689436851522893
2024-12-04,0.001482520373420063,0.034200977842167635
2024-12-05,0.0001235127209078873,-0.00048247638015550925
2024-12-06,-0.0008232634079286868,-0.018226563702471377
2024-12-09,0.0159729149835866,-0.025814776120378517
2024-12-10,0.004125273609467017,-0.027312915117605304
2024-12-11,-0.005179490067747823,0.03090847454214619
2024-12-12,0.0059460904392945975,-0.014242130807284472
2024-12-13,0.0006852448057104017,-0.022755843422417737
2024-12-16,0.011659502305411655,-0.016901799807731075
2024-12-17,0.009672650851318463,-0.012271892023624522
2024-12-18,-0.02165461019165992,-0.011415515737865657
2024-12-19,0.006990099121321847,0.013636897668975469
2024-12-20,0.018641221517954616,0.030298635082894952
2024-12-23,0.0030601580732349458,0.03623250513491381
2024-12-24,0.011412728025814072,0.003930224231679135
2024-12-26,0.0031706612920804583,-0.002070418508399051
2024-12-27,-0.013330625341669195,-0.021088521583209213
2024-12-30,-0.013352212385302225,0.003497230778767141
2024-12-31,-0.0070828777982261575,-0.02354949840952554
2025-01-02,-0.026586203709362627,0.029495923352909896
2025-01-03,-0.0020114993185365716,0.04357446913879789
2025-01-06,0.006716465048427223,0.033756097968553084
2025-01-07,-0.011453022723314724,-0.06418618889875241
2025-01-08,0.0020208498748193466,-0.0002140784332443731
2025-01-10,-0.02439899300416106,-0.030434847288904117
2025-01-13,-0.010397945934594989,-0.019916109374847002
2025-01-14,-0.004789642117102857,-0.011094844498298478
2025-01-15,0.019484792892924947,0.03343612993800147
2025-01-16,-0.041238949127982476,-0.01979244486418121
2025-01-17,0.007506965777208011,0.030524515596053823
2025-01-21,-0.03243605935151887,0.022403201723618538
2025-01-22,0.005330582813153724,0.04335540999963678
2025-01-23,-0.0007598037872330465,0.0010193257869135451
2025-01-24,-0.0039422234965909245,-0.031744419045330464
2025-01-27,0.03128556035978423,-0.18594606505412992
2025-01-28,0.03589207760735624,0.08549725780967933
2025-01-29,0.004606167074680266,-0.04187561123168072
2025-01-30,-0.007422068344098495,0.007650609931399665
2025-01-31,-0.006714726993718414,-0.03743499531994711
2025-02-03,-0.03444231699540432,-0.028811186779063178
2025-02-04,0.02079024483569272,0.016914242567068184
2025-02-05,-0.00141852715339146,0.05077483241816475
2025-02-06,0.0032210379571171563,0.030375793737228124
2025-02-07,-0.024260722263638013,0.008974293933287724
2025-02-10,0.0011866980292349104,0.028322793927100964
2025-02-11,0.021596808476413865,-0.0057812795125245005
2025-02-12,0.018105357345423376,-0.012578836101394356
2025-02-13,0.019482169270882015,0.031155074127870386
2025-02-14,0.012630498229147979,0.025973786295756966
2025-02-18,-0.0005315209427668583,0.003953278731216119
2025-02-19,0.0016347834889511657,-0.001220529996609807
2025-02-20,0.003912848164251638,0.00630062254391456
2025-02-21,-0.0011395911509354132,-0.041384173100420404
2025-02-24,0.006292468992592281,-0.03135766041650483
2025-02-25,-0.00024296285553041316,-0.028416512317118788
2025-02-26,-0.027412389266258084,0.03606306439491629
2025-02-27,-0.012812686137682022,-0.08859149250497897
2025-02-28,0.018951278767655223,0.03893250388963936
2025-03-03,-0.01587977869872317,-0.09094889967224491
2025-03-04,-0.008861353263262923,0.016779308475320838
2025-03-05,-0.0008057313404378117,0.011230824265493789
2025-03-06,-0.0017407509020855914,-0.05908594774125068
2025-03-07,0.015767658286873966,0.018991932595328304
2025-03-10,-0.04969421247557463,-0.051998782820327376
2025-03-11,-0.029623809451318296,0.016501631753605417
2025-03-12,-0.017633308777987595,0.06229475550337958
2025-03-13,-0.034222613560581025,-0.0013834199585296947
2025-03-14,0.018007525147732135,0.051349506075918684
2025-03-17,0.002386019105446205,-0.017745041757320636
2025-03-18,-0.006140428781601922,-0.03490315686595081
2025-03-19,0.01191803719886282,0.017944239750659657
2025-03-20,-0.00531046634453778,0.008557532266214028
2025-03-21,0.019289739943779742,-0.0070270460654743025
2025-03-24,0.011207335719380335,0.031034323089008616
2025-03-25,0.01358913473759877,-0.005947987191630208
2025-03-26,-0.009971439157241172,-0.05913432079483433
2025-03-27,0.0104182984450265,-0.02069434936884807
2025-03-28,-0.02693998058535311,-0.01592074171403851
2025-03-31,0.019226511770998513,-0.011832338692772849
2025-04-01,0.004760596951724679,0.01619958874575572
2025-04-02,0.003131381393561863,0.0024480710105487763
2025-04-03,-0.0970132842415487,-0.0812809923803166
2025-04-04,-0.07568023981329257,-0.07642299666234839
2025-04-07,-0.03742597592669961,0.0346999436663738
2025-04-08,-0.05110190674875909,-0.013818794195566116
2025-04-09,0.14261735272251114,0.1716206145941036
2025-04-10,-0.0433185230644281,-0.060947224933162604
2025-04-11,0.03979205201326046,0.03075760220810597
2025-04-14,0.021814438723068638,-0.0019852374012843607
2025-04-15,-0.0018781629607922744,0.013368825843533143
2025-04-16,-0.039711556124364285,-0.07119155886989571
2025-04-17,0.013853190590015867,-0.029131122723122637
2025-04-21,-0.019583253064361764,-0.046177428476824336
2025-04-22,0.03349768039031173,0.020225222887202392
2025-04-23,0.024040264945770485,0.037901413158226226
2025-04-24,0.018258467605509327,0.03557790266881406
2025-04-25,0.004357782685278415,0.042132961442940875
2025-04-28,0.0041008765086057485,-0.020752615627110168
2025-04-29,0.005079008067031125,0.002663628720943741
2025-04-30,0.006089043625775631,-0.0009177639988480709
2025-05-01,0.003851469127951115,0.024397036741896447
2025-05-02,-0.03807762521706457,0.02556424074860387
2025-05-05,-0.03196389504538153,-0.005956554248827193
2025-05-06,-0.0019125519475999846,-0.0024630687579341027
2025-05-07,-0.011450047947276118,0.03053137455807413
2025-05-08,0.006298604640156997,0.002644749615268537
2025-05-09,0.005252211461374353,-0.00615335446583182
2025-05-12,0.06123262724825943,0.053006329801426895
2025-05-13,0.010101206373485295,0.05481150122910094
2025-05-14,-0.002821987575066609,0.040794220982518795
2025-05-15,-0.00415308387379331,-0.0037754523771953057
2025-05-16,-0.0008988927670429962,0.004218720774885204
2025-05-19,-0.011808497154382657,0.0012548047885421135
2025-05-20,-0.009238837244430798,-0.008816538526536364
2025-05-21,-0.02332908328372771,-0.01938595586624129
2025-05-22,-0.0036187788474254367,0.007784537318433863
2025-05-23,-0.03071108961769996,-0.011661706977991132
2025-05-27,0.024983623491846012,0.03156309079967979
2025-05-28,0.0010483209838462113,-0.005105084533161717
2025-05-29,-0.0023480003697965326,0.03197341688738961
2025-05-30,0.004491201267957238,-0.029602651228901666
2025-06-02,0.004223109342329855,0.016513682293269813
2025-06-03,0.007753576085233218,0.027568031807535084
2025-06-04,-0.0022162318442875938,0.004944452820801602
2025-06-05,-0.010856507745653023,-0.013692477144002707
2025-06-06,0.016265316954239512,0.012282330840399416
2025-06-09,-0.01218652399455137,0.00640065964806912
2025-06-10,0.006037878007107109,0.009281628766522401
2025-06-11,-0.019380367014047398,-0.00781104459554239
2025-06-12,0.0021107574907976673,0.015078740640837494
2025-06-13,-0.013901464127282086,-0.021118085759159563
2025-06-16,0.00997805452051061,0.018977775134110173
2025-06-17,-0.014109777787359817,-0.0039472546521019305
2025-06-18,0.004793195654484107,0.009392291680677128
2025-06-20,0.022235522711187918,-0.011267468084258936
2025-06-23,0.002484443420861018,0.0022221085511937373
2025-06-24,-0.005973143235657363,0.025543093068303727
2025-06-25,0.006270694729914494,0.04242739847486624
2025-06-26,-0.002781994915117985,0.0045904097675166676
2025-06-27,0.00039795647058404746,0.017457332008347648
2025-06-30,0.02013598858760702,0.0015204591753429004
2025-07-01,0.012833484940532585,-0.030135048420046974
2025-07-02,0.02198727246252242,0.025440023440004986
2025-07-03,0.005211396447426995,0.013203479676020865
2025-07-07,-0.017001602417194294,-0.006927346947826247
2025-07-08,0.00028565044816167973,0.011060760812131191
2025-07-09,0.005366236975017289,0.017840047955757138
2025-07-10,0.005997065062067719,0.007462211022698239
2025-07-11,-0.005902303230973185,0.004984413337029462
2025-07-14,-0.012101667209099788,-0.005167295237827354
2025-07-15,0.002346000540532615,0.03961448873256629
2025-07-16,0.005008729029390798,0.003917357282829712
2025-07-17,-0.0006663146806188268,0.009466668777072643
2025-07-18,0.005507932567823463,-0.003416250050641185
2025-07-21,0.006137015041786378,-0.005992021538431036
2025-07-22,0.008995713475058809,-0.02570983749370646
2025-07-23,-0.001166854220571325,0.02220264008780086
2025-07-24,-0.0018228062438944844,0.017183791372874523
2025-07-25,0.0005612560321282327,-0.0013822660756514882
2025-07-28,0.000794555957921764,0.0185586434833633
2025-07-29,-0.013072712105562628,-0.007040409555520836
2025-07-30,-0.010563541577591413,0.02119706405661905
2025-07-31,-0.007104769929468201,-0.007840072289275765
2025-08-01,-0.025321524060456378,-0.02360808283998426
2025-08-04,0.004781652847030262,0.03551207195474499
2025-08-05,-0.002117050833030107,-0.009713694759014218
2025-08-06,0.049653472685494957,0.006486212376122925
2025-08-07,0.03129872062366706,0.00749617014752595
2025-08-08,0.04148534023996629,0.010619853644031441
2025-08-11,-0.008372414173504787,-0.003509139296085911
2025-08-12,0.010813746046473135,0.006023808648001382
2025-08-13,0.015897490850946598,-0.008608717349844527
2025-08-14,-0.0023599496301109036,0.0023651728456153295
2025-08-15,-0.005125312710867787,-0.008662868613232273
2025-08-18,-0.0030272026408998485,0.008607801184158884
2025-08-19,-0.0014301891241648957,-0.035625098554270825
2025-08-20,-0.01993199743749439,-0.0013673031655055178
2025-08-21,-0.004923303742007474,-0.0023974411230332127
2025-08-22,0.0126365749870192,0.017055775369573326
2025-08-25,-0.002637768568326629,0.010173209302989894
2025-08-26,0.009420062560733886,0.010841523512800466
2025-08-27,0.005132819774613846,-0.0009356601109938339
2025-08-28,0.00894069639110012,-0.007905630903938421
2025-08-29,-0.0018076304121467212,-0.03381164607950858
2025-09-02,-0.01047943412120275,-0.019713067182561873
2025-09-03,0.037382371037568494,-0.0009373337784940859
2025-09-04,0.005478307652190442,0.006076934309694111
2025-09-05,-0.00037550830293499635,-0.02740206722067027
2025-09-08,-0.007580039357514406,0.007693860486662353
2025-09-09,-0.014950643758134319,0.014451487517380842
2025-09-10,-0.03279119956504776,0.03775335841712994
2025-09-11,0.014185312195141271,-0.0008462105389974989
2025-09-12,0.017410479916919613,0.0036619809787885797
2025-09-15,0.011173278788190407,-0.0003936758742360118
2025-09-16,0.006107180813938619,-0.01627806682973421
2025-09-17,0.003521070384509722,-0.026597241403402035
2025-09-18,-0.004655478775517518,0.03434396892143857
2025-09-19,0.03153064137146085,0.002436745997643716
2025-09-22,0.042192888031361925,0.03853040216217526
2025-09-23,-0.0064641816813347935,-0.028617571377575424
2025-09-24,-0.008367139370277337,-0.008216168557129732
2025-09-25,0.017911552240696984,0.004060334377331126
2025-09-26,-0.005504238769601875,0.0028099153155892965
2025-09-29,-0.004040174100817752,0.020331839161166973
2025-09-30,0.0007858847779747712,0.025677811217956793
2025-10-01,0.0032152003219794367,0.0035311424333920476
2025-10-02,0.006555021990936095,0.00877364616369381
2025-10-03,0.0034552856218699286,-0.006746218470695698
2025-10-06,-0.005167905573688131,-0.011148210742574162
2025-10-07,-0.000818447732393364,-0.0026984529592275056
2025-10-08,0.006141499074269634,0.021756858631033292
2025-10-09,-0.01570049407859935,0.018130890013948877
2025-10-10,-0.03513206563064245,-0.050099617507457596
2025-10-13,0.009697219450941187,0.0277825544651176
2025-10-14,0.00044403222541274074,-0.04501927478738404
2025-10-15,0.006316540342189272,-0.0011114158244270305
2025-10-16,-0.007608874607052008,0.010950226124179306
2025-10-17,0.019370626724040305,0.007725426200566742
2025-10-20,0.038680997318892865,-0.0031706593282750787
2025-10-21,0.002018995432290913,-0.008136406510658164
2025-10-22,-0.016576780813435922,-0.004869402639927996
2025-10-23,0.0043625035439569535,0.01037424620852365
2025-10-24,0.012404496504713917,0.02225801615851855
2025-10-27,0.022535544640189423,0.027692149273092357
2025-10-28,0.0007065684675198422,0.048618635823659564
2025-10-29,0.0025987161153949003,0.029457811052411947
2025-10-30,0.006283564499940692,-0.02024805382906971
2025-10-31,-0.0038023760230779242,-0.0019734570078558597
2025-11-03,-0.0048943181036962685,0.021448370488581326
2025-11-04,0.00367309589440336,-0.0403930842132333
2025-11-05,0.00037027639315674913,-0.017669859029216153
2025-11-06,-0.0013707648047970096,-0.03720853949792168
2025-11-07,-0.0048306116605628165,0.0003721390836004222
2025-11-10,0.004538424596306953,0.05631657163129625
2025-11-11,0.02137115241872316,-0.030037238330691364
2025-11-12,-0.006487770006386278,0.003307868914437253
2025-11-13,-0.0019032864784390288,-0.03646714782519775
2025-11-14,-0.0019804913327679673,0.01755874961995901
2025-11-17,-0.018338229939655892,-0.018951081026778265
2025-11-18,-7.471386053713637e-05,-0.028483265509903405
2025-11-19,0.004179049549248278,0.028054465542118427
2025-11-20,-0.008638566717187423,-0.032032387046933126
2025-11-21,0.01948945166198309,-0.00979087344100359
2025-11-24,0.01618575433588949,0.020308938810315195
2025-11-25,0.0037983388519626593,-0.02625235422123867
2025-11-26,0.002091806338180893,0.013628437947211431
2025-11-28,0.004672931656329052,-0.01825050237722547
2025-12-01,0.015126193488102735,0.016362629615955304
2025-12-02,0.01085570557581093,0.008522861496818633
2025-12-03,-0.007153630197795877,-0.010358750886118753
2025-12-04,-0.01221581470319711,0.020939759460909875
2025-12-05,-0.006863567905265376,-0.005303645265539134
2025-12-08,-0.0031975495274368187,0.017067539740813674
2025-12-09,-0.0025583338957931995,-0.0031307726339145528
2025-12-10,0.005755883423229985,-0.006454273212194532
2025-12-11,-0.0026938872868826056,-0.015629252452978915
2025-12-12,0.0008988056611785083,-0.03320988405610645
2025-12-15,-0.015098467426605677,0.0072300846298920425
2025-12-16,0.0018224768125210816,0.008078970801869827
2025-12-17,-0.010138255944275731,-0.03889667710610827
2025-12-18,0.001286843868596081,0.01854689154035358
2025-12-19,0.005422649568015015,0.0385822323928654
2025-12-22,-0.009914950708069128,0.014807802897141563
2025-12-23,0.00511662061139001,0.029607952574700207
2025-12-24,0.005309645046856358,-0.0031761426563468764
2025-12-26,-0.0014984650753561758,0.010128284734973564
2025-12-29,0.001315946478043144,-0.012198192178212513
2025-12-30,-0.002487045084223564,-0.0036193198928968027
2025-12-31,-0.004477627551115939,-0.005560883274468322
2026-01-02,-0.0031314857915479256,0.012521810833682744
2026-01-05,-0.013933703661721203,-0.003872991969811118
2026-01-06,-0.018504437116593858,-0.004688805860122811
2026-01-07,-0.007767612063599227,0.00993755627823407
2026-01-08,-0.00496745258033777,-0.021756790221321775
2026-01-09,0.0012731135729041854,-0.0009733096453260929
2026-01-12,0.0033871451491772624,0.00043270820192001583
2026-01-13,0.0030692241427695945,0.004693209374154674
2026-01-14,-0.004184285180772418,-0.014473845297566807
2026-01-15,-0.006754526367843775,0.0211251888846915
2026-01-16,-0.010433345978110178,-0.004393569228210795
2026-01-20,-0.035166795246858014,-0.04480571352822744
2026-01-21,0.0038434235156737974,0.02905662345231206
2026-01-22,0.0028226029306953294,0.008257212491436692
2026-01-23,-0.0012490790884445956,0.015194520290977908
2026-01-26,0.029280123722409547,-0.006414700713591816
2026-01-27,0.011135324133899676,0.010933722693939045
2026-01-28,-0.007110633005716987,0.015788180324216493
2026-01-29,0.0071494947315545124,0.005155810625088681
2026-01-30,0.004635377115508532,-0.007194235238294132
2026-02-02,0.03977943491276717,-0.029306123614050272
2026-02-03,-0.0019648308518361605,-0.028803825223368506
2026-02-04,0.025680239205221226,-0.03469726658767911
2026-02-05,-0.0020997236483534577,-0.0133501220397345
2026-02-06,0.007977762270402386,0.07577304156935682
2026-02-09,-0.011728934429607782,0.024664984785234986
2026-02-10,-0.003428889326211829,-0.007924370677356725
2026-02-11,0.006628141591757578,0.00797702503371509
2026-02-12,-0.05127400927859584,-0.016499430880248904
2026-02-13,-0.022995880180572078,-0.022340349906411306
2026-02-17,0.031176814356459727,0.011746261049878014
2026-02-18,0.001779583167113982,0.016141838338721456
2026-02-19,-0.014364265239645745,-0.0004256277036356945
2026-02-20,0.015233805180443597,0.010166442233303357
2026-02-23,0.006029062392291268,0.009072602696341744
2026-02-24,0.022144051735165694,0.00676381203940975
2026-02-25,0.007650516196371946,0.01395445811564759
2026-02-26,-0.0046786174669959345,-0.05610616371498555
2026-02-27,-0.03265800418094743,-0.04253841115102456
2026-03-02,0.00204195174556935,0.029417965049183585
2026-03-03,-0.003670823904680181,-0.013406031910892074
2026-03-04,-0.004674549655599,0.01647012436394315
2026-03-05,-0.008530820840249429,0.0016376569434080994
2026-03-06,-0.010932115299618045,-0.030570547947451978
2026-03-09,0.009355701068531801,0.026799927974745296
2026-03-10,0.0036488509698246866,0.011540132553405798
2026-03-11,-7.677588636112872e-05,0.0068501971802928125
2026-03-12,-0.019552596342224723,-0.015657017582739324
2026-03-13,-0.022298666381512306,-0.01590614903148685
2026-03-16,0.01073703156524414,0.016342896559540954
2026-03-17,0.005561526596100866,-0.007065700712188807
2026-03-18,-0.017018443311607758,-0.008445360648967679
2026-03-19,-0.003928594558615539,-0.010251940462499028
2026-03-20,-0.003903899440107385,-0.03336870520646045
2026-03-23,0.01401484151217401,0.016880501264273443
2026-03-24,0.0005962134063950415,-0.0025083307357880963
2026-03-25,0.0038868965936841777,0.019668337891847958
2026-03-26,0.0010682766662048293,-0.0425303080215932
2026-03-27,-0.016305265287713342,-0.021963413780231762
2026-03-30,-0.008760136268299126,-0.01412747193455417
2026-03-31,0.028617863177015652,0.05437625561333066
2026-04-01,0.007223967554483803,0.00771105353121578
2026-04-02,0.001133833994367859,0.009288088228185538
2026-04-06,0.01142232509019372,0.0014083382738375788
2026-04-07,-0.02092342184655962,0.0025862058206754654
2026-04-08,0.021078006221268635,0.02210099101794525
2026-04-09,0.006122550270913715,0.010000334200718075
2026-04-10,-3.8261262694405804e-05,0.025340931070435828
2026-04-13,-0.00492608008275582,0.0035984100488998323
2026-04-14,-0.0014286586779615176,0.03732744648887824
2026-04-15,0.028940167740243536,0.011938031369763895
2026-04-16,-0.01143785188350778,-0.002618194278043067
2026-04-17,0.02559980227073271,0.016649073332435406
2026-04-20,0.01038135123703852,0.0018824237593380586
2026-04-21,-0.025519586387523795,-0.01084740809684451
2026-04-22,0.025959176283094874,0.013022666698602456
2026-04-23,0.0009511674218491973,-0.014224159796213538
2026-04-24,-0.008705470074050698,0.04231955004193406
2026-04-27,-0.012809478192957056,0.03926319027785601
2026-04-28,0.011517458457321562,-0.01600850416151377
2026-04-29,-0.001996724264136533,-0.018560255972615913
2026-04-30,0.004358182101151443,-0.04736465906513777
2026-05-01,0.03187990737243732,-0.005627882498130593
2026-05-04,-0.011885893585031252,0.00015109925506329687
2026-05-05,0.026204266943421806,-0.010025891482081746
2026-05-06,0.011649795625348007,0.05605804652492139
2026-05-07,-0.0002435341172492443,0.017504551528897266
2026-05-08,0.02025006180098386,0.017342835809247243
2026-05-11,-0.001263410870084823,0.019511007291121277
2026-05-12,0.007217267345543894,0.006087883494185524
2026-05-13,0.013711552929013165,0.02261580585803677
2026-05-14,-0.002210734971933149,0.04294701759820982
2026-05-15,0.006750980136725528,-0.04520787679613526
2026-05-18,-0.007992516349121775,-0.013403819528754505
2026-05-19,0.003786811276571553,-0.007721410619631937
2026-05-20,0.010911313869409937,0.012880756382786308
2026-05-21,0.009024403912911677,-0.017879425943107992
2026-05-22,0.012479664098423927,-0.01922601401684026
2026-05-26,-0.0015879959853538459,-0.0021850774060261733
2026-05-27,0.008139921177528297,-0.010574191531007596
2026-05-28,0.0053259869555545925,0.007731054577228179
2026-05-29,-0.0014410019964428765,-0.014622087317938291
2026-06-01,-0.018597851122449393,0.06073045986638763
2026-06-02,0.028609745520348374,-0.0068876374559193035
2026-06-03,-0.015796757454885936,-0.03688972124723909
2026-06-04,0.003121575198772482,0.019208290386228847
2026-06-05,-0.012577593355441377,-0.06402033391723569
2026-06-08,-0.019051885469787897,0.017112580975841913
2026-06-09,-0.03712710112671881,-0.0021591397984066225
2026-06-10,0.003538736828077959,-0.03803598052040507
2026-06-11,0.013794257734621061,0.02196045231330065
2026-06-12,-0.01533867189083751,0.0015607832565316107
2026-06-15,0.01800742754428881,0.034770261132300154
2026-06-16,0.009468545598219242,-0.024009123899062405
2026-06-17,-0.011055424053765445,-0.01339635518291949
2026-06-18,0.0069365307945603305,0.029086697312463505
2026-06-22,-0.0033611561756575186,-0.009729692641559026
2026-06-23,-0.009166281020203648,-0.04214086479707103
2026-06-24,-0.004154097032731816,-0.005212488263586544
2026-06-25,-0.06312910528852322,-0.01651754866324471
2026-06-26,0.0308828692129702,-0.016535296660330382
2026-06-29,-0.007214617571347412,0.012593727434429082
2026-06-30,0.026686927946559438,0.025921540190744215
2026-07-01,0.017199902237751946,-0.012623672142353588
2026-07-02,0.04727163430823289,-0.014016182027723867
2026-07-06,0.01297326356082142,0.0036887239515329033
2026-07-07,-0.006417317752291537,0.00703218164456726
2026-07-08,0.008749398121391793,0.03585973382237286
2026-07-09,0.008989700861949937,-0.006586390769892467
2026-07-10,-0.0028501014457968927,0.03954693236574592
2026-07-13,0.006291108635278855,-0.03585516570320906
2026-07-14,-0.007751077889289723,0.039829039408852435
2026-07-15,0.039359995560940185,0.0032995407884884027
2026-07-16,0.017434906842973087,-0.02429272199776052
2026-07-17,0.0014391811187502526,-0.02237969823856905
2026-07-20,-0.021656657586981348,0.0023147648787335633
2026-07-21,0.0035150750095092813,0.01953441361577837
2026-07-22,-0.005660657333930309,0.02275049536218918
2026-07-23,-0.01306479450939142,-0.015684001522929113
2026-07-24,0.03470739356294198,-0.009239710638928122
2026-07-27,0.01161331318603087,-0.05123223717692165
2026-07-28,0.00936495711319729,0.0025411683422597504
2026-07-29,-0.0055729125775482845,-0.03617778754375249
2026-07-30,-0.01417498544145801,0.02612795786536209
2026-07-31,-0.07638287945805575,0.028855721516937157
2026-08-03,-0.017931956478842527,0.02891779300701876
2026-08-04,0.01945221084485533,0.025325081432127396
2026-08-05,0.005222674657279986,0.03377257008995301
2026-08-06,0.004523508767764461,-0.0010497055983854902
2026-08-07,0.002940463630559811,0.02244140270108172
2026-08-10,-0.015451243263146633,-0.02903877126413205
2026-08-11,-0.010926951292996926,-0.0002298726657958751
2026-08-12,-0.00876217361050629,0.029848890004184028
